58	0	0.012755578	184.71655	932.93085	0.85241747	429.38037	953.9928	0.67876005	180.64197	1161.6031	393.10095	1180.5887	151.9259	1033.3517	424.20856	1056.6533	287.13318	1066.9648	278.9408	1228.0173	192.9794	213.6044	0	0.0	4.920194	306.51874	383.14844	1	1447157594271
58	0	0.012755578	184.71655	932.93085	0.85241747	429.38037	953.9928	0.67876005	180.64197	1161.6031	393.10095	1180.5887	151.9259	1033.3517	442.20856	1034.1533	287.13318	1066.9648	278.9408	1228.0173	184.42941	205.05438	0	0.0	4.920194	306.5188	383.1485	1	1447157594272
58	0	0.012755578	184.71655	932.93085	0.85241747	429.38037	953.9928	0.67876005	180.64197	1161.6031	393.10095	1180.5887	151.9259	1033.3517	455.70856	1025.1533	287.13318	1066.9648	278.9408	1228.0173	177.51607	200.8764	0	0.0	4.920194	306.5189	383.14862	1	1447157594273
58	0	0.012755578	184.71655	932.93085	0.85241747	429.38037	953.9928	0.67876005	180.64197	1161.6031	393.10095	1180.5887	151.9259	1033.3517	457.95856	1027.4033	287.13318	1066.9648	278.9408	1228.0173	176.45601	200.41357	0	0.0	4.920194	306.5189	383.14862	1	1447157594274
58	0	0.012755578	184.71655	932.93085	0.85241747	429.38037	953.9928	0.67876005	180.64197	1161.6031	393.10095	1180.5887	151.9259	1033.3517	457.95856	1029.6533	287.13318	1066.9648	278.9408	1228.0173	176.83012	200.80573	0	0.0	4.920194	306.5189	383.14862	1	1447157594275
58	0	0.0065792645	157.74683	631.3401	0.7558629	321.7559	641.63916	0.46659443	152.83331	793.59796	295.9266	798.5683	138.93921	707.985	325.20038	717.61743	229.75714	721.3336	222.59229	820.3531	176.65494	202.29019	0	0.0	3.5920138	304.6375	380.79688	1	1447157594276
58	0	0.0065792645	157.74683	631.3401	0.7558629	321.7559	641.63916	0.46659443	152.83331	793.59796	295.9266	798.5683	145.23083	709.5585	325.20038	717.61743	229.75714	721.3336	222.59229	820.3531	161.55814	212.28415	0	0.0	3.5920138	303.94305	379.92883	1	1447157594277
58	0	0.0065792645	157.74683	631.3401	0.7558629	321.7559	641.63916	0.46659443	152.83331	793.59796	295.9266	798.5683	142.08502	709.5585	325.20038	717.61743	229.75714	721.3336	222.59229	820.3531	156.08708	218.33086	0	0.0	3.5920138	303.76535	379.7067	1	1447157594279
58	0	0.0065792645	157.74683	631.3401	0.7558629	321.7559	641.63916	0.46659443	152.83331	793.59796	295.9266	798.5683	149.94958	712.7053	325.20038	717.61743	229.75714	721.3336	222.59229	820.3531	150.29494	222.53712	0	0.0	3.5920138	303.77957	379.72446	1	1447157594280
58	0	0.0065792645	157.74683	631.3401	0.7558629	321.7559	641.63916	0.46659443	152.83331	793.59796	295.9266	798.5683	149.94958	709.5585	325.20038	717.61743	229.75714	721.3336	222.59229	820.3531	148.60396	223.7804	0	0.0	3.5920138	303.85532	379.81915	1	1447157594281
58	0	0.0065294853	183.62592	643.617	0.50309473	351.9906	663.22534	0.35388932	180.24048	813.3208	325.9363	828.69446	160.08496	725.5731	353.57596	744.2138	261.1095	749.1602	248.76932	847.9467	147.96754	215.78214	0	0.0	6.640756	312.3253	390.40662	1	1447157594282
58	0	0.0065294853	183.62592	643.617	0.50309473	320.5323	633.33	0.35388932	180.24048	813.3208	325.9363	828.69446	160.08496	725.5731	336.27386	719.03876	261.1095	749.1602	248.76932	847.9467	154.30424	205.7893	0	0.0	6.640756	316.0748	395.0935	1	1447157594288
58	0	0.0065294853	183.62592	643.617	0.50309473	307.94894	633.33	0.35388932	180.24048	813.3208	325.9363	828.69446	160.08496	725.5731	325.26346	719.03876	261.1095	749.1602	248.76932	847.9467	163.63428	201.13538	0	0.0	6.640756	317.542	396.9275	1	1447157594289
58	0	0.0065294853	183.62592	643.617	0.50309473	304.8031	639.6238	0.35388932	180.24048	813.3208	325.9363	828.69446	160.08496	725.5731	325.26346	719.03876	261.1095	749.1602	248.76932	847.9467	172.07823	201.168	0	0.0	6.640756	317.9	397.375	1	1447157594290
58	0	0.0065294853	183.62592	643.617	0.50309473	301.6573	645.91754	0.35388932	180.24048	813.3208	325.9363	828.69446	160.08496	725.5731	325.26346	719.03876	261.1095	749.1602	248.76932	847.9467	175.9149	203.47061	0	0.0	6.640756	317.76254	397.2032	1	1447157594291
58	0	0.0065294853	183.62592	643.617	0.50309473	301.6573	644.3441	0.35388932	180.24048	813.3208	325.9363	828.69446	160.08496	725.5731	325.26346	719.03876	261.1095	749.1602	248.76932	847.9467	177.34189	204.87189	0	0.0	6.640756	317.44263	396.80328	1	1447157594292
58	0	0.0065294853	183.62592	643.617	0.50309473	301.6573	642.7707	0.35388932	180.24048	813.3208	325.9363	828.69446	160.08496	725.5731	325.26346	719.03876	261.1095	749.1602	248.76932	847.9467	177.56604	205.71815	0	0.0	6.640756	317.0912	396.36398	1	1447157594293
58	0	0.0049637356	142.42896	634.5338	0.5471893	310.14334	655.2855	0.365373	132.7846	806.0543	280.61502	827.10376	112.69684	717.52155	316.40405	741.1776	212.14099	741.1327	192.65051	841.67804	175.74487	195.25482	0	0.0	7.0511727	323.98193	404.97742	1	1447157594294
58	0	0.0049637356	142.42896	634.5338	0.5471893	335.31	656.85895	0.365373	132.7846	806.0543	299.49002	820.81	137.86353	712.8013	338.42487	736.4573	232.58893	741.1327	213.09845	838.5311	172.5784	191.78523	0	0.0	7.0511727	327.4386	409.29825	1	1447157594295
58	0	0.0049637356	142.42896	634.5338	0.5471893	341.60168	656.85895	0.365373	132.7846	806.0543	304.20877	820.81	137.86353	712.8013	343.14362	736.4573	237.30768	739.55927	213.09845	838.5311	168.86772	190.32143	0	0.0	7.0511727	328.9514	411.18924	1	1447157594296
58	0	0.0049637356	142.42896	634.5338	0.5471893	346.32043	655.2855	0.365373	132.7846	806.0543	308.92752	817.66315	137.86353	712.8013	343.14362	736.4573	240.45349	736.41235	213.09845	838.5311	165.01141	189.92276	0	0.0	7.0511727	329.41998	411.77496	1	1447157594297
58	0	0.04711373	167.02979	644.3476	0.7608329	340.79108	651.2426	0.71201426	160.2846	807.48676	312.54736	824.0315	142.6673	726.5257	342.48645	733.9493	251.21475	743.7193	239.37524	853.77356	154.57828	188.59744	0	0.0	2.271611	333.32977	416.66223	1	1447157594298
58	0	0.04711373	167.02979	644.3476	0.7608329	329.78064	649.6692	0.71201426	160.2846	807.48676	292.09943	814.5909	142.6673	726.5257	329.9031	730.80237	243.35016	738.99896	220.50024	855.347	143.51953	186.31339	0	0.0	2.271611	335.0462	418.80774	1	1447157594299
58	0	0.04711373	167.02979	644.3476	0.7608329	337.64523	652.81604	0.71201426	160.2846	807.48676	298.3911	814.5909	142.6673	726.5257	334.62186	732.37585	246.496	740.57245	218.9273	858.49384	136.38077	187.18924	0	0.0	2.271611	335.6457	419.55713	1	1447157594300
58	0	0.04711373	167.02979	644.3476	0.7608329	332.92648	652.81604	0.71201426	160.2846	807.48676	298.3911	809.87054	142.6673	726.5257	325.18436	730.80237	238.63141	738.99896	218.9273	858.49384	135.0357	187.91951	0	0.0	2.271611	335.6681	419.5851	1	1447157594300
58	0	0.04711373	167.02979	644.3476	0.7608329	332.92648	652.81604	0.71201426	160.2846	807.48676	298.3911	809.87054	142.6673	726.5257	325.18436	730.80237	238.63141	738.99896	218.9273	858.49384	121.30632	192.67715	0	0.0	2.271611	335.4269	419.28363	1	1447157594301
58	0	0.076477736	223.64575	650.2472	0.90744126	388.39456	663.09705	0.66378456	202.32312	814.79535	355.3069	835.5823	188.30054	732.54065	386.70007	743.12573	296.14194	743.78894	276.3922	849.4918	118.14966	196.05441	0	0.0	4.4583836	331.09943	413.87427	1	1447157594302
58	0	0.076477736	181.177	634.5128	0.90744126	334.91537	647.3627	0.66378456	202.32312	814.79535	355.3069	835.5823	188.30054	732.54065	386.70007	743.12573	296.14194	743.78894	276.3922	849.4918	121.05527	198.15602	0	0.0	4.4583836	328.02966	410.03708	1	1447157594303
58	0	0.076477736	154.43744	634.5128	0.90744126	309.74872	647.3627	0.66378456	202.32312	814.79535	355.3069	835.5823	188.30054	732.54065	386.70007	743.12573	296.14194	743.78894	276.3922	849.4918	131.1702	199.20288	0	0.0	4.4583836	326.2658	407.83228	1	1447157594304
58	0	0.076477736	151.29156	637.65967	0.90744126	309.74872	647.3627	0.66378456	202.32312	814.79535	355.3069	835.5823	188.30054	732.54065	386.70007	743.12573	296.14194	743.78894	276.3922	849.4918	143.12704	199.61441	0	0.0	4.4583836	325.38092	406.72614	1	1447157594305
58	0	0.076477736	157.58325	640.8066	0.90744126	309.74872	647.3627	0.66378456	202.32312	814.79535	355.3069	835.5823	188.30054	732.54065	386.70007	743.12573	296.14194	743.78894	276.3922	849.4918	148.21356	201.39331	0	0.0	4.4583836	325.01318	406.26648	1	1447157594305
58	0	0.076477736	148.14575	640.8066	0.90744126	309.74872	647.3627	0.66378456	202.32312	814.79535	355.3069	835.5823	188.30054	732.54065	386.70007	743.12573	296.14194	743.78894	276.3922	849.4918	154.30151	202.23117	0	0.0	4.4583836	324.93604	406.17004	1	1447157594307
58	0	0.076477736	148.14575	640.8066	0.90744126	309.74872	647.3627	0.66378456	202.32312	814.79535	355.3069	835.5823	188.30054	732.54065	386.70007	743.12573	296.14194	743.78894	276.3922	849.4918	157.42041	202.526	0	0.0	4.4583836	325.0158	406.26978	1	1447157594307
58	0	-1.0	160.56085	654.6029	0.5255299	329.23935	672.0016	0.30441198	139.73517	808.12915	293.87628	829.52045	128.98938	740.5941	331.20535	740.49536	296.14194	743.78894	218.5357	835.6998	171.29828	212.8663	0	0.0	5.8871365	311.56622	389.45776	1	1447157594311
58	0	-1.0	210.89423	649.88257	0.5255299	379.57266	668.85474	0.30441198	185.34973	803.4088	341.06375	824.8002	176.17688	735.87384	378.39285	735.775	296.14194	743.78894	261.00443	830.97955	176.61594	218.19061	0	0.0	5.8871365	304.59155	380.73944	1	1447157594312
58	0	-1.0	215.61298	648.30914	0.5255299	387.43726	668.85474	0.30441198	194.78723	803.4088	347.35544	824.8002	185.61438	735.87384	387.83035	735.775	296.14194	743.78894	261.00443	834.1264	175.39005	220.7139	0	0.0	5.8871365	301.20905	376.5113	1	1447157594313
58	0	-1.0	215.61298	648.30914	0.5255299	395.30185	672.0016	0.30441198	194.78723	803.4088	347.35544	824.8002	188.76025	739.0207	389.4033	735.775	296.14194	743.78894	261.00443	840.42017	172.26175	221.65298	0	0.0	5.8871365	299.86383	374.82977	1	1447157594314
58	0	-1.0	231.3421	653.0295	0.5255299	412.6039	679.8688	0.30441198	194.78723	803.4088	347.35544	824.8002	188.76025	739.0207	389.4033	735.775	296.14194	743.78894	261.00443	840.42017	166.50873	223.46007	0	0.0	5.8871365	299.63513	374.5439	1	1447157594314
58	0	-1.0	218.02362	672.56744	0.74166656	379.3962	695.5514	0.72948295	199.6842	818.4608	346.4815	835.8612	191.91333	745.7724	375.79926	768.9595	296.14194	743.78894	272.46875	852.57697	154.68987	225.75233	0	0.0	8.103351	300.31638	375.39548	1	1447157594315
58	0	-1.0	184.99237	658.4065	0.74166656	341.6462	681.39044	0.72948295	165.08002	804.2999	308.7315	821.70026	191.91333	745.7724	375.79926	768.9595	296.14194	743.78894	234.71875	835.2691	145.04169	226.64557	0	0.0	8.103351	301.41327	376.7666	1	1447157594316
58	0	-1.0	196.00275	658.4065	0.74166656	347.9379	681.39044	0.72948295	176.09045	804.2999	308.7315	821.70026	191.91333	745.7724	375.79926	768.9595	296.14194	743.78894	234.71875	835.2691	136.1954	226.74237	0	0.0	8.103351	302.4251	378.03137	1	1447157594318
58	0	-1.0	196.00275	658.4065	0.74166656	347.9379	681.39044	0.72948295	180.8092	802.72644	308.7315	821.70026	191.91333	745.7724	375.79926	768.9595	296.14194	743.78894	234.71875	835.2691	129.88637	226.4769	0	0.0	8.103351	303.21988	379.02484	1	1447157594322
58	0	-1.0	196.00275	658.4065	0.74166656	347.9379	681.39044	0.72948295	180.8092	802.72644	308.7315	821.70026	191.91333	745.7724	375.79926	768.9595	296.14194	743.78894	234.71875	835.2691	123.50604	226.0813	0	0.0	8.103351	303.80768	379.75958	1	1447157594323
58	0	-1.0	196.00275	658.4065	0.74166656	347.9379	681.39044	0.72948295	180.8092	802.72644	308.7315	821.70026	191.91333	745.7724	375.79926	768.9595	296.14194	743.78894	234.71875	835.2691	122.20624	223.98535	0	0.0	8.103351	304.22882	380.286	1	1447157594324
58	0	-1.0	196.00275	658.4065	-1.0	347.9379	681.39044	-1.0	180.8092	802.72644	308.7315	821.70026	191.91333	745.7724	375.79926	768.9595	296.14194	743.78894	234.71875	835.2691	115.71924	223.95792	0	0.0	8.103351	304.51813	380.64764	1	1447157594324
58	0	-1.0	196.00275	658.4065	-1.0	347.9379	681.39044	-1.0	180.8092	802.72644	308.7315	821.70026	191.91333	745.7724	375.79926	768.9595	296.14194	743.78894	234.71875	835.2691	109.232086	223.93028	0	0.0	8.103351	304.80774	381.00967	1	1447157594325
58	0	-1.0	196.00275	658.4065	-1.0	347.9379	681.39044	-1.0	180.8092	802.72644	308.7315	821.70026	191.91333	745.7724	375.79926	768.9595	296.14194	743.78894	234.71875	835.2691	102.74478	223.90248	0	0.0	8.103351	305.09763	381.37204	1	1447157594326
58	0	-1.0	225.32062	626.9848	0.34274292	369.39267	658.7789	0.7784321	215.83441	745.3294	345.5866	771.5178	212.58966	688.20966	366.77225	701.6609	NA	286.822	778.11743	178.86607	236.62263	1	0.0	12.440679	235.35379	294.19223	1	1447157594327
58	0	-1.0	243.66318	777.3955	0.59544104	384.29697	815.3501	0.78911436	230.95123	886.2328	355.1183	919.7328	221.47308	827.3931	378.13364	868.4374	NA	287.10867	924.10504	150.29515	326.85272	2	0.0	15.098536	260.97726	326.2216	1	1447157594328
58	0	-1.0	243.66318	777.3955	0.59544104	384.29697	815.3501	0.78911436	230.95123	886.2328	355.1183	919.7328	221.47308	827.3931	378.13364	868.4374	NA	287.10867	924.10504	153.14514	345.85284	2	0.0	15.098536	260.97717	326.22147	1	1447157594328
58	0	-1.0	116.428345	745.231	0.34222877	264.6069	784.69366	0.7300907	101.36682	853.1643	228.42169	892.2514	100.051636	794.27783	258.70358	834.8336	NA	158.25922	893.6634	198.17807	275.43744	2	0.0	14.908062	316.69324	395.86655	1	1447157594329
58	0	-1.0	116.428345	745.231	0.34222877	264.6069	784.69366	0.7300907	101.36682	853.1643	228.42169	892.2514	100.051636	794.27783	258.70358	834.8336	NA	158.25922	893.6634	222.95872	292.59442	2	0.0	14.908062	327.27042	409.088	1	1447157594330
58	0	-1.0	116.428345	745.231	0.34222877	264.6069	784.69366	0.7300907	101.36682	853.1643	228.42169	892.2514	100.051636	794.27783	258.70358	834.8336	NA	158.25922	893.6634	210.38889	300.2064	2	0.0	14.908062	326.42432	408.0304	1	1447157594331
58	0	-1.0	116.428345	745.231	0.34222877	264.6069	784.69366	0.7300907	101.36682	853.1643	228.42169	892.2514	100.051636	794.27783	258.70358	834.8336	NA	158.25922	893.6634	190.49292	312.53278	2	0.0	14.908062	305.1828	381.47852	1	1447157594335
58	0	-1.0	116.428345	745.231	0.34222877	264.6069	784.69366	0.7300907	101.36682	853.1643	228.42169	892.2514	100.051636	794.27783	258.70358	834.8336	NA	158.25922	893.6634	167.1289	309.38565	2	0.0	14.908062	297.33087	371.66357	1	1447157594336
58	0	-1.0	240.36871	671.22516	0.6627062	NA	-1.0	206.33008	771.4305	346.39526	825.7823	210.94525	718.91156	NA	NA	274.64557	822.5491	178.12553	301.48108	3	0.0	12.9689	209.69724	262.12155	1	1447157594336
58	0	-1.0	255.41388	652.9993	0.6355836	385.97348	705.99365	0.49102896	222.15247	763.34924	355.25134	809.454	221.50378	702.93896	385.80292	767.723	NA	288.5998	820.871	157.71399	274.30634	3	0.0	22.08569	237.12285	296.40356	1	1447157594337
58	0	-1.0	255.41388	652.9993	0.6355836	385.97348	705.99365	0.49102896	222.15247	763.34924	355.25134	809.454	221.50378	702.93896	385.80292	767.723	NA	288.5998	820.871	179.35916	282.08047	3	0.0	22.08569	239.82802	299.78503	1	1447157594339
58	0	-1.0	255.41388	652.9993	0.6355836	385.97348	705.99365	0.49102896	222.15247	763.34924	355.25134	809.454	221.50378	702.93896	385.80292	767.723	NA	288.5998	820.871	176.00667	284.86197	3	0.0	22.08569	238.78091	298.47614	1	1447157594340
58	0	-1.0	255.41388	652.9993	0.6355836	385.97348	705.99365	0.49102896	222.15247	763.34924	355.25134	809.454	221.50378	702.93896	385.80292	767.723	NA	288.5998	820.871	174.62328	287.47418	3	0.0	22.08569	237.72037	297.15045	1	1447157594341
58	0	-1.0	255.41388	652.9993	0.6355836	385.97348	705.99365	0.49102896	222.15247	763.34924	355.25134	809.454	221.50378	702.93896	385.80292	767.723	NA	288.5998	820.871	178.13576	288.18335	3	0.0	22.08569	237.0115	296.26437	1	1447157594341
58	0	-1.0	255.41388	652.9993	0.6355836	385.97348	705.99365	0.49102896	222.15247	763.34924	355.25134	809.454	221.50378	702.93896	385.80292	767.723	NA	288.5998	820.871	184.70459	288.23105	3	0.0	22.08569	236.6151	295.76886	1	1447157594342
58	0	-1.0	255.41388	652.9993	0.6355836	385.97348	705.99365	0.49102896	222.15247	763.34924	355.25134	809.454	221.50378	702.93896	385.80292	767.723	NA	288.5998	820.871	186.74492	288.05658	3	0.0	22.08569	236.44467	295.55585	1	1447157594343
58	0	0.38557452	210.30042	665.0077	0.6657183	336.50946	715.8393	0.3948262	161.2467	775.21265	305.50006	829.88513	167.16895	716.3125	341.06046	772.3728	253.63916	760.31604	231.07678	833.1407	184.18799	280.90594	3	0.0	21.93088	245.20973	306.51218	1	1447157594344
58	0	0.38557452	210.30042	665.0077	0.6657183	336.50946	715.8393	0.3948262	161.2467	775.21265	305.50006	829.88513	167.16895	716.3125	341.06046	772.3728	253.63916	760.31604	231.07678	833.1407	178.89914	276.17523	3	0.0	21.93088	249.18117	311.47647	1	1447157594345
58	0	0.38557452	210.30042	665.0077	0.6657183	336.50946	715.8393	0.3948262	161.2467	775.21265	305.50006	829.88513	167.16895	716.3125	341.06046	772.3728	253.63916	760.31604	231.07678	833.1407	177.86902	274.36862	3	0.0	21.93088	250.57875	313.22345	1	1447157594346
58	0	0.38557452	210.30042	665.0077	0.6657183	336.50946	715.8393	0.3948262	161.2467	775.21265	305.50006	829.88513	167.16895	716.3125	341.06046	772.3728	253.63916	760.31604	231.07678	833.1407	180.94244	273.90286	3	0.0	21.93088	250.83691	313.54614	1	1447157594346
58	0	0.38557452	210.30042	665.0077	0.6657183	336.50946	715.8393	0.3948262	161.2467	775.21265	305.50006	829.88513	167.16895	716.3125	341.06046	772.3728	253.63916	760.31604	231.07678	833.1407	183.76283	273.9969	3	0.0	21.93088	250.6528	313.316	1	1447157594347
58	0	0.69645065	206.57562	682.8723	0.6241649	336.6002	728.58435	0.44080657	158.07043	799.75446	293.88193	851.17645	164.19543	736.2395	328.90216	792.9199	248.07785	775.2935	216.11139	853.64343	187.97632	283.02484	3	0.0	19.363937	242.34175	302.9272	1	1447157594348
58	0	0.69645065	220.73187	686.01917	0.6241649	349.18353	730.1578	0.44080657	172.22668	801.3279	308.03818	851.17645	164.19543	736.2395	341.4855	794.4934	262.2341	776.86694	230.26764	856.7903	189.16214	285.56317	3	0.0	19.363937	239.94452	299.93066	1	1447157594352
58	0	0.69645065	212.86731	686.01917	0.6241649	344.46478	730.1578	0.44080657	172.22668	801.3279	303.31943	851.17645	164.19543	736.2395	338.33966	794.4934	255.94241	776.86694	223.97601	856.7903	190.84822	286.47134	3	0.0	19.363937	239.09946	298.87433	1	1447157594353
58	0	0.69645065	212.86731	686.01917	0.6241649	344.46478	730.1578	0.44080657	172.22668	801.3279	303.31943	851.17645	164.19543	736.2395	338.33966	794.4934	255.94241	776.86694	223.97601	856.7903	200.98637	290.04456	3	0.0	19.363937	238.99612	298.74515	1	1447157594354
58	0	-1.0	212.86731	686.01917	-1.0	344.46478	730.1578	-1.0	172.22668	801.3279	303.31943	851.17645	164.19543	736.2395	338.33966	794.4934	255.94241	776.86694	223.97601	856.7903	206.70447	293.6173	3	0.0	19.363937	236.67	295.8375	1	1447157594355
58	0	-1.0	259.0739	1114.1914	0.20146634	445.1859	1164.0399	0.25388637	166.42615	1277.102	303.31943	851.17645	184.22919	1174.5449	436.68066	1273.5228	255.94241	776.86694	259.47974	1358.2948	206.14572	337.14343	3	0.0	14.9942465	240.04407	300.05508	1	1447157594356
58	0	-1.0	259.0739	1114.1914	-1.0	445.1859	1164.0399	-1.0	166.42615	1277.102	303.31943	851.17645	184.22919	1174.5449	436.68066	1273.5228	255.94241	776.86694	259.47974	1358.2948	210.57295	355.72986	3	0.0	14.9942465	239.14297	298.9287	1	1447157594356
58	0	-1.0	259.0739	1114.1914	-1.0	445.1859	1164.0399	-1.0	166.42615	1277.102	303.31943	851.17645	184.22919	1174.5449	436.68066	1273.5228	255.94241	776.86694	259.47974	1358.2948	214.9985	374.31412	3	0.0	14.9942465	238.24525	297.80658	1	1447157594357
58	0	-1.0	259.0739	1114.1914	-1.0	445.1859	1164.0399	-1.0	166.42615	1277.102	303.31943	851.17645	184.22919	1174.5449	436.68066	1273.5228	255.94241	776.86694	259.47974	1358.2948	219.42236	392.8963	3	0.0	14.9942465	237.3509	296.68863	1	1447157594358
58	0	-1.0	278.287	784.9214	0.7772337	NA	-1.0	NA	NA	252.32446	914.6838	NA	NA	387.53235	1106.6466	130.1077	107.480286	4	0.0	0.0	362.03857	452.54822	1	1447157594359
58	0	-1.0	412.34216	948.7279	0.56799537	NA	-1.0	408.2622	1235.4105	NA	380.60248	1090.0161	NA	536.5837	1107.5723	498.45203	1264.6431	82.4328	210.40186	4	0.0	0.0	326.0528	407.56598	1	1447157594360
58	0	-1.0	243.0741	905.2956	0.6032296	529.85803	896.05566	0.90639967	NA	NA	208.96423	1044.3514	NA	NA	NA	130.10764	161.882	5	0.0	-1.8453923	362.0387	452.54837	1	1447157594364
58	0	-1.0	243.0741	905.2956	0.6032296	529.85803	896.05566	0.90639967	NA	NA	208.96423	1044.3514	NA	NA	NA	119.65758	124.831894	5	0.0	-1.8453923	362.03885	452.54855	1	1447157594365
58	0	-1.0	243.0741	905.2956	0.6032296	529.85803	896.05566	0.90639967	NA	NA	208.96423	1044.3514	NA	NA	NA	117.89464	124.96303	5	0.0	-1.8453923	362.03836	452.54794	1	1447157594365
58	0	-1.0	235.87714	925.6109	0.7969874	504.8554	913.91144	0.78093266	253.1153	1206.9418	NA	210.30383	1035.696	NA	NA	353.49402	1277.1787	129.74713	165.48697	5	0.0	0.0	364.08295	455.1037	1	1447157594366
58	0	-1.0	229.12714	936.8609	0.7969874	504.8554	913.91144	0.78093266	239.6153	1222.6918	NA	199.05383	1046.946	NA	NA	353.49402	1277.1787	135.04489	183.94574	5	0.0	0.0	364.38623	455.4828	1	1447157594367
58	0	-1.0	226.87714	941.3609	0.7969874	504.8554	913.91144	0.78093266	237.3653	1229.4418	NA	196.80383	1051.446	NA	NA	353.49402	1277.1787	135.99126	190.48846	5	0.0	0.0	364.3514	455.43927	1	1447157594368
58	0	-1.0	239.26361	974.1506	0.77167916	504.8554	913.91144	-1.0	270.48132	1254.0713	NA	213.42523	1082.949	NA	NA	350.38934	1314.5449	136.32315	195.91638	5	0.0	0.0	362.71185	453.38983	1	1447157594368
58	0	-1.0	243.76361	980.9006	0.77167916	504.8554	913.91144	-1.0	270.48132	1254.0713	NA	217.92523	1089.699	NA	NA	350.38934	1314.5449	132.77472	200.86705	5	0.0	0.0	361.9508	452.4385	1	1447157594370
58	0	-1.0	248.26361	987.6506	0.77167916	504.8554	913.91144	-1.0	270.48132	1254.0713	NA	220.17523	1096.449	NA	NA	350.38934	1314.5449	128.2355	204.57425	5	0.0	0.0	361.70575	452.1322	1	1447157594370
58	0	-1.0	248.26361	1003.4006	0.77167916	504.8554	913.91144	-1.0	270.48132	1254.0713	NA	217.92523	1112.199	NA	NA	350.38934	1314.5449	126.3772	210.1232	5	0.0	0.0	361.66583	452.08228	1	1447157594371
58	0	-1.0	246.01361	1014.6506	0.77167916	504.8554	913.91144	-1.0	270.48132	1254.0713	NA	217.92523	1112.199	NA	NA	350.38934	1314.5449	125.7332	214.42688	5	0.0	0.0	361.70737	452.13422	1	1447157594372
58	0	-1.0	NA	-1.0	NA	-1.0	NA	NA	NA	NA	NA	NA	130.10767	220.61726	6	0.0	0.0	362.0387	452.54837	1	1447157594372
58	0	-1.0	NA	-1.0	NA	-1.0	NA	NA	NA	NA	NA	NA	133.90761	224.41716	6	0.0	0.0	362.03885	452.54855	1	1447157594373
58	0	-1.0	NA	-1.0	NA	-1.0	NA	NA	NA	NA	NA	NA	134.54887	225.05858	6	0.0	0.0	362.03854	452.5482	1	1447157594373
58	0	-1.0	NA	-1.0	NA	-1.0	NA	NA	NA	NA	NA	NA	134.4891	224.9989	6	0.0	0.0	362.0385	452.54816	1	1447157594374
58	0	-1.0	NA	-1.0	NA	-1.0	NA	NA	NA	NA	NA	NA	134.30678	224.81645	6	0.0	0.0	362.0386	452.54825	1	1447157594375
58	0	-1.0	NA	-1.0	NA	-1.0	NA	NA	NA	NA	NA	NA	134.14915	224.65875	6	0.0	0.0	362.03867	452.54834	1	1447157594375
58	0	-1.0	NA	-1.0	NA	-1.0	NA	NA	NA	NA	NA	NA	134.04155	224.55121	6	0.0	0.0	362.03867	452.54834	1	1447157594376
58	0	-1.0	NA	-1.0	NA	-1.0	NA	NA	NA	NA	NA	NA	133.97731	224.48691	6	0.0	0.0	362.03867	452.54834	1	1447157594376
58	0	-1.0	NA	-1.0	NA	-1.0	NA	NA	NA	NA	NA	NA	133.94377	224.45337	6	0.0	0.0	362.03867	452.54834	1	1447157594377
58	0	-1.0	NA	-1.0	NA	-1.0	NA	NA	NA	NA	NA	NA	133.9308	224.44038	6	0.0	0.0	362.0386	452.54825	1	1447157594378
58	0	-1.0	NA	-1.0	NA	-1.0	NA	NA	NA	NA	NA	NA	133.93059	224.44014	6	0.0	0.0	362.0386	452.54825	1	1447157594379
58	0	-1.0	NA	-1.0	NA	-1.0	NA	NA	NA	NA	NA	NA	133.93816	224.44786	6	0.0	0.0	362.0386	452.54825	1	1447157594379
58	0	-1.0	NA	-1.0	NA	-1.0	NA	NA	NA	NA	NA	NA	133.95	224.45975	6	0.0	0.0	362.03867	452.54834	1	1447157594380
58	0	-1.0	NA	-1.0	NA	-1.0	NA	NA	NA	NA	NA	NA	133.96416	224.47382	6	0.0	0.0	362.03867	452.54834	1	1447157594380
58	0	-1.0	NA	-1.0	NA	-1.0	NA	NA	NA	NA	NA	NA	133.97887	224.4885	6	0.0	0.0	362.03867	452.54834	1	1447157594381
58	0	-1.0	NA	-1.0	NA	-1.0	NA	NA	NA	NA	NA	NA	133.99348	224.50322	6	0.0	0.0	362.0386	452.54825	1	1447157594386
58	0	-1.0	NA	-1.0	NA	-1.0	NA	NA	NA	NA	NA	NA	134.00746	224.5171	6	0.0	0.0	362.0386	452.54825	1	1447157594387
58	1	-1.0	216.24188	1003.63446	0.49798813	538.89374	997.93774	0.8074797	235.47559	1192.8059	NA	189.39014	1137.317	532.9643	1140.5059	365.16992	1196.4368	NA	130.10764	220.6173	7	0.0	-1.0114994	362.0387	452.54837	1	1447157625392
58	16	-1.0	210.21478	1160.1177	0.6755344	500.05994	1148.5845	0.7388841	211.32587	1337.3801	NA	209.18103	1248.9631	NA	322.58997	1271.4152	NA	185.88681	305.44873	8	0.0	0.0	311.9079	389.8849	0	1447158122179
58	16	-1.0	192.45477	1109.4482	0.49466336	483.19806	1077.819	0.552402	191.44202	1293.0952	NA	172.80652	1230.8044	NA	299.44202	1239.0951	NA	192.10233	284.69357	9	0.0	-6.2086735	313.6247	392.03088	0	1447158122180
58	18	-1.0	233.79437	1030.7512	0.83239406	499.8589	1030.0295	0.37644288	NA	NA	181.94629	1166.0621	NA	NA	NA	165.49823	242.17621	10	0.0	-0.15540673	331.7563	414.69537	2	1447158365369
58	18	-1.0	249.96094	1036.9244	0.74746925	521.60474	1038.0354	0.53773654	NA	NA	220.0774	1140.2336	NA	NA	NA	130.10764	224.98407	11	0.0	0.0	362.03876	452.54846	2	1447158365375
58	18	-1.0	267.96094	1048.1744	0.74746925	541.85474	1051.5354	0.53773654	NA	NA	238.0774	1151.4836	NA	NA	NA	119.65764	228.78423	11	0.0	0.0	362.0386	452.54825	2	1447158365376
58	18	-1.0	267.96094	1048.1744	0.74746925	544.10474	1051.5354	0.53773654	NA	NA	238.0774	1151.4836	NA	NA	NA	117.89433	229.42526	11	0.0	0.0	362.03867	452.54834	2	1447158365377
58	18	-1.0	267.96094	1048.1744	0.74746925	544.10474	1051.5354	0.53773654	NA	NA	238.0774	1151.4836	NA	NA	NA	118.05867	229.36542	11	0.0	0.0	362.03867	452.54834	2	1447158365377
58	18	-1.0	267.96094	1048.1744	0.74746925	544.10474	1051.5354	0.53773654	NA	NA	238.0774	1151.4836	NA	NA	NA	118.55989	229.18323	11	0.0	0.0	362.03867	452.54834	2	1447158365378
58	18	-1.0	270.21094	1048.1744	0.74746925	546.35474	1051.5354	0.53773654	NA	NA	240.3274	1151.4836	NA	NA	NA	118.993515	229.02557	11	0.0	0.0	362.03867	452.54834	2	1447158365379
58	18	-1.0	267.96094	1045.9244	0.74746925	544.10474	1049.2854	0.53773654	NA	NA	233.5774	1140.2336	NA	NA	NA	119.28914	228.91815	11	0.0	0.0	362.03867	452.54834	2	1447158365380
58	18	-1.0	267.96094	1043.6744	0.74746925	544.10474	1047.0354	0.53773654	NA	NA	233.5774	1137.9836	NA	NA	NA	119.46611	228.85376	11	0.0	0.0	362.03867	452.54834	2	1447158365381
58	18	-1.0	265.71094	1043.6744	0.74746925	544.10474	1047.0354	0.53773654	NA	NA	231.3274	1137.9836	NA	NA	NA	119.55815	228.82022	11	0.0	0.0	362.03867	452.54834	2	1447158365381
58	18	-1.0	263.46094	1041.4244	0.74746925	541.85474	1044.7854	0.53773654	NA	NA	229.0774	1137.9836	NA	NA	NA	119.5941	228.80713	11	0.0	0.0	362.03867	452.54834	2	1447158365382
58	18	-1.0	261.21094	1039.1744	0.74746925	539.60474	1042.5354	0.53773654	NA	NA	224.5774	1135.7336	NA	NA	NA	119.5945	228.80695	11	0.0	0.0	362.03867	452.54834	2	1447158365383
58	18	-1.0	242.35486	1029.561	0.68238854	526.86707	1030.9282	0.6483309	NA	NA	225.0622	1144.2825	NA	NA	NA	153.07718	244.31342	12	0.0	0.2753101	328.75928	410.9491	2	1447158365384
58	18	-1.0	242.35486	1029.561	0.68238854	526.86707	1030.9282	0.6483309	NA	NA	225.0622	1144.2825	NA	NA	NA	155.92712	247.1636	12	0.0	0.2753101	328.75934	410.94916	2	1447158365385
58	18	-1.0	242.35486	1029.561	0.68238854	526.86707	1030.9282	0.6483309	NA	NA	227.3122	1142.0325	NA	NA	NA	156.40811	247.64432	12	0.0	0.2753101	328.75928	410.9491	2	1447158365386
58	18	-1.0	242.35486	1029.561	0.68238854	526.86707	1030.9282	0.6483309	NA	NA	225.0622	1139.7825	NA	NA	NA	156.36334	247.59955	12	0.0	0.2753101	328.75928	410.9491	2	1447158365387
58	18	-1.0	242.35486	1029.561	0.68238854	526.86707	1030.9282	0.6483309	NA	NA	225.0622	1139.7825	NA	NA	NA	156.2266	247.46283	12	0.0	0.2753101	328.75928	410.9491	2	1447158365395
58	18	-1.0	242.35486	1029.561	0.68238854	526.86707	1030.9282	0.6483309	NA	NA	225.0622	1137.5325	NA	NA	NA	156.10834	244.93341	12	0.0	0.2753101	328.75928	410.9491	2	1447158365396
58	18	-1.0	242.35486	1029.561	0.68238854	526.86707	1030.9282	0.6483309	NA	NA	225.0622	1133.0325	NA	NA	NA	156.02765	244.03723	12	0.0	0.2753101	328.75928	410.9491	2	1447158365397
58	18	-1.0	242.35486	1029.561	0.68238854	526.86707	1030.9282	0.6483309	NA	NA	225.0622	1133.0325	NA	NA	NA	155.9794	243.79498	12	0.0	0.2753101	328.75928	410.9491	2	1447158365398
58	18	-1.0	242.35486	1029.561	0.68238854	526.86707	1030.9282	0.6483309	NA	NA	225.0622	1133.0325	NA	NA	NA	155.95435	243.80243	12	0.0	0.2753101	328.75928	410.9491	2	1447158365399
58	18	-1.0	242.35486	1029.561	0.68238854	526.86707	1030.9282	0.6483309	NA	NA	225.0622	1133.0325	NA	NA	NA	155.94449	243.89206	12	0.0	0.2753101	328.75928	410.9491	2	1447158365400
58	18	-1.0	242.35486	1029.561	0.68238854	526.86707	1030.9282	0.6483309	NA	NA	225.0622	1133.0325	NA	NA	NA	155.9444	243.99643	12	0.0	0.2753101	328.75928	410.9491	2	1447158365400
58	18	-1.0	242.35486	1029.561	0.68238854	526.86707	1030.9282	0.6483309	NA	NA	222.8122	1133.0325	NA	NA	NA	155.95013	244.09015	12	0.0	0.2753101	328.75928	410.9491	2	1447158365404
58	18	-1.0	242.35486	1029.561	0.68238854	526.86707	1030.9282	0.6483309	NA	NA	222.8122	1135.2825	NA	NA	NA	155.95901	244.1659	12	0.0	0.2753101	328.75928	410.9491	2	1447158365405
58	18	-1.0	242.35486	1029.561	0.68238854	526.86707	1030.9282	0.6483309	NA	NA	218.3122	1142.0325	NA	NA	NA	157.93289	244.22375	12	0.0	0.2753101	328.75928	410.9491	2	1447158365406
58	18	0.53715074	314.33917	812.4769	0.8410197	563.7999	828.53546	0.7586999	290.7531	1078.9597	525.0906	1119.644	276.09967	934.7548	NA	429.601	969.6049	395.1078	1161.6094	121.42613	152.03543	13	0.0	3.6832125	333.9457	417.43213	2	1447158365406
58	18	0.3338471	322.43866	821.86	0.55447465	572.50024	833.29474	0.778923	292.1693	1073.9955	520.40375	1104.005	271.26404	945.53845	590.06714	959.56805	429.73474	983.713	399.476	1147.4592	127.62799	170.2016	13	0.0	2.6181726	335.7166	419.64575	2	1447158365407
58	18	0.3338471	322.43866	821.86	0.55447465	572.50024	833.29474	0.778923	292.1693	1073.9955	520.40375	1104.005	271.26404	945.53845	590.06714	959.56805	429.73474	983.713	399.476	1147.4592	152.33122	192.00626	13	0.0	2.6181726	336.08804	420.11005	2	1447158365408
58	18	0.3338471	322.43866	821.86	0.55447465	572.50024	833.29474	0.778923	292.1693	1073.9955	520.40375	1104.005	271.26404	945.53845	590.06714	959.56805	429.73474	983.713	399.476	1147.4592	160.4295	207.39548	13	0.0	2.6181726	336.09027	420.11285	2	1447158365409
58	18	0.3338471	322.43866	821.86	0.55447465	572.50024	833.29474	0.778923	292.1693	1073.9955	520.40375	1104.005	271.26404	945.53845	590.06714	959.56805	429.73474	983.713	399.476	1147.4592	155.55768	207.57245	13	0.0	2.6181726	336.0063	420.00787	2	1447158365410
58	18	0.3338471	322.43866	821.86	0.55447465	572.50024	833.29474	0.778923	292.1693	1073.9955	520.40375	1104.005	271.26404	945.53845	590.06714	959.56805	429.73474	983.713	399.476	1147.4592	147.01263	200.09845	13	0.0	2.6181726	335.92023	419.90027	2	1447158365411
58	18	0.3338471	322.43866	821.86	0.55447465	572.50024	833.29474	0.778923	292.1693	1073.9955	520.40375	1104.005	271.26404	945.53845	590.06714	959.56805	429.73474	983.713	399.476	1147.4592	137.89581	193.82347	13	0.0	2.6181726	335.85583	419.8198	2	1447158365411
58	18	0.3338471	322.43866	821.86	0.55447465	572.50024	833.29474	0.778923	292.1693	1073.9955	520.40375	1104.005	271.26404	945.53845	590.06714	959.56805	429.73474	983.713	399.476	1147.4592	126.909485	190.89258	13	0.0	2.6181726	335.8145	419.76813	2	1447158365412
58	18	0.3338471	322.43866	821.86	0.55447465	572.50024	833.29474	0.778923	292.1693	1073.9955	520.40375	1104.005	271.26404	945.53845	590.06714	959.56805	429.73474	983.713	399.476	1147.4592	120.69176	191.79102	13	0.0	2.6181726	335.79037	419.73798	2	1447158365413
58	18	0.5656273	290.2494	932.9858	0.36444116	559.4802	948.29913	0.74745953	276.62695	1194.9557	528.9682	1210.6602	258.47528	1061.6664	575.8179	1087.3324	413.1222	1092.4027	388.62152	1266.6226	119.78026	198.33192	13	0.0	3.2553725	329.00607	411.2576	2	1447158365414
58	18	0.5656273	290.2494	932.9858	0.36444116	559.4802	948.29913	0.74745953	276.62695	1194.9557	528.9682	1210.6602	258.47528	1061.6664	575.8179	1087.3324	413.1222	1092.4027	388.62152	1266.6226	120.352615	203.56259	13	0.0	3.2553725	325.90176	407.3772	2	1447158365415
58	18	0.5656273	290.2494	932.9858	0.36444116	559.4802	948.29913	0.74745953	276.62695	1194.9557	528.9682	1210.6602	258.47528	1061.6664	575.8179	1087.3324	413.1222	1092.4027	388.62152	1266.6226	121.26318	207.82434	13	0.0	3.2553725	324.7271	405.90887	2	1447158365415
58	18	0.5656273	290.2494	932.9858	0.36444116	559.4802	948.29913	0.74745953	276.62695	1194.9557	528.9682	1210.6602	258.47528	1061.6664	575.8179	1087.3324	413.1222	1092.4027	388.62152	1266.6226	122.15103	211.52797	13	0.0	3.2553725	324.453	405.56625	2	1447158365416
58	18	0.5656273	290.2494	932.9858	0.36444116	559.4802	948.29913	0.74745953	276.62695	1194.9557	528.9682	1210.6602	258.47528	1061.6664	575.8179	1087.3324	413.1222	1092.4027	388.62152	1266.6226	122.915405	214.92627	13	0.0	3.2553725	324.5711	405.71387	2	1447158365417
58	18	0.5656273	290.2494	932.9858	0.36444116	559.4802	948.29913	0.74745953	276.62695	1194.9557	528.9682	1210.6602	258.47528	1061.6664	575.8179	1087.3324	413.1222	1092.4027	388.62152	1266.6226	123.53693	216.2597	13	0.0	3.2553725	324.83624	406.0453	2	1447158365419
58	18	0.5656273	290.2494	932.9858	0.36444116	559.4802	948.29913	0.74745953	276.62695	1194.9557	528.9682	1210.6602	258.47528	1061.6664	575.8179	1087.3324	413.1222	1092.4027	388.62152	1266.6226	124.02394	218.4571	13	0.0	3.2553725	325.13034	406.41293	2	1447158365419
58	18	0.5656273	290.2494	932.9858	0.36444116	559.4802	948.29913	0.74745953	276.62695	1194.9557	528.9682	1210.6602	258.47528	1061.6664	575.8179	1087.3324	413.1222	1092.4027	388.62152	1266.6226	124.39453	219.27399	13	0.0	3.2553725	325.39996	406.74994	2	1447158365420
58	18	0.5656273	290.2494	932.9858	0.36444116	559.4802	948.29913	0.74745953	276.62695	1194.9557	528.9682	1210.6602	258.47528	1061.6664	575.8179	1087.3324	413.1222	1092.4027	388.62152	1266.6226	124.6691	219.41223	13	0.0	3.2553725	325.62457	407.0307	2	1447158365423
58	18	0.5656273	290.2494	932.9858	0.36444116	559.4802	948.29913	0.74745953	276.62695	1194.9557	528.9682	1210.6602	258.47528	1061.6664	575.8179	1087.3324	413.1222	1092.4027	388.62152	1266.6226	124.86719	221.06859	13	0.0	3.2553725	325.8004	407.25052	2	1447158365424
58	18	0.5656273	290.2494	932.9858	0.36444116	559.4802	948.29913	0.74745953	276.62695	1194.9557	528.9682	1210.6602	258.47528	1061.6664	575.8179	1087.3324	413.1222	1092.4027	388.62152	1266.6226	129.21172	225.96161	13	0.0	3.2553725	325.9315	407.41437	2	1447158365425
58	18	0.5656273	290.2494	932.9858	0.36444116	559.4802	948.29913	0.74745953	276.62695	1194.9557	528.9682	1210.6602	258.47528	1061.6664	575.8179	1087.3324	413.1222	1092.4027	388.62152	1266.6226	137.48254	232.53716	13	0.0	3.2553725	326.0243	407.53036	2	1447158365426
58	18	0.5656273	290.2494	932.9858	0.36444116	559.4802	948.29913	0.74745953	276.62695	1194.9557	528.9682	1210.6602	258.47528	1061.6664	575.8179	1087.3324	413.1222	1092.4027	388.62152	1266.6226	147.69019	241.69159	13	0.0	3.2553725	326.08612	407.60767	2	1447158365426
58	18	0.5656273	290.2494	932.9858	0.36444116	559.4802	948.29913	0.74745953	276.62695	1194.9557	528.9682	1210.6602	258.47528	1061.6664	575.8179	1087.3324	413.1222	1092.4027	388.62152	1266.6226	158.72295	247.96631	13	0.0	3.2553725	326.12442	407.65552	2	1447158365427
58	18	0.5656273	290.2494	932.9858	0.36444116	559.4802	948.29913	0.74745953	276.62695	1194.9557	528.9682	1210.6602	258.47528	1061.6664	575.8179	1087.3324	413.1222	1092.4027	388.62152	1266.6226	169.9847	249.03429	13	0.0	3.2553725	326.1448	407.681	2	1447158365428
58	18	0.5656273	290.2494	932.9858	0.36444116	559.4802	948.29913	0.74745953	276.62695	1194.9557	528.9682	1210.6602	258.47528	1061.6664	575.8179	1087.3324	413.1222	1092.4027	388.62152	1266.6226	177.08319	247.26613	13	0.0	3.2553725	326.15247	407.69058	2	1447158365429
58	18	0.5656273	290.2494	932.9858	0.36444116	559.4802	948.29913	0.74745953	276.62695	1194.9557	528.9682	1210.6602	258.47528	1061.6664	575.8179	1087.3324	413.1222	1092.4027	388.62152	1266.6226	181.78528	245.80978	13	0.0	3.2553725	326.15094	407.68866	2	1447158365429
58	18	0.5656273	290.2494	932.9858	0.36444116	559.4802	948.29913	0.74745953	276.62695	1194.9557	528.9682	1210.6602	258.47528	1061.6664	575.8179	1087.3324	413.1222	1092.4027	388.62152	1266.6226	185.1681	246.40778	13	0.0	3.2553725	326.1434	407.67926	2	1447158365430
58	18	0.5656273	290.2494	932.9858	0.36444116	559.4802	948.29913	0.74745953	276.62695	1194.9557	528.9682	1210.6602	258.47528	1061.6664	575.8179	1087.3324	413.1222	1092.4027	388.62152	1266.6226	184.39755	246.48871	13	0.0	3.2553725	326.13214	407.66516	2	1447158365431
58	18	0.3121717	244.20099	973.3188	0.45948166	516.9299	996.42944	0.47127047	243.9143	1217.4315	487.28137	1232.6198	230.48438	1082.3939	512.7372	1079.8848	370.83044	1139.6896	358.84442	1306.6039	183.0682	251.58081	13	0.0	4.843601	306.16754	382.7094	2	1447158365432
58	18	0.3121717	244.20099	973.3188	0.45948166	516.9299	996.42944	0.47127047	243.9143	1217.4315	516.5314	1228.1198	230.48438	1082.3939	512.7372	1079.8848	370.83044	1139.6896	358.84442	1306.6039	172.6455	253.63895	13	0.0	4.843601	286.17905	357.72382	2	1447158365432
58	18	0.3121717	244.20099	973.3188	0.45948166	516.9299	996.42944	0.47127047	243.9143	1217.4315	516.5314	1228.1198	230.48438	1082.3939	512.7372	1079.8848	370.83044	1139.6896	358.84442	1306.6039	148.67258	250.36972	13	0.0	4.843601	272.41864	340.52332	2	1447158365433
58	18	0.3121717	244.20099	973.3188	0.45948166	516.9299	996.42944	0.47127047	243.9143	1217.4315	516.5314	1228.1198	230.48438	1082.3939	512.7372	1079.8848	370.83044	1139.6896	358.84442	1306.6039	123.247696	250.32948	13	0.0	4.843601	264.89304	331.1163	2	1447158365437
58	18	0.3121717	244.20099	973.3188	0.45948166	516.9299	996.42944	0.47127047	243.9143	1217.4315	516.5314	1228.1198	230.48438	1082.3939	512.7372	1079.8848	370.83044	1139.6896	358.84442	1306.6039	106.68094	250.19641	13	0.0	4.843601	261.4251	326.78137	2	1447158365438
58	18	0.3121717	244.20099	973.3188	0.45948166	516.9299	996.42944	0.47127047	243.9143	1217.4315	516.5314	1228.1198	230.48438	1082.3939	512.7372	1079.8848	370.83044	1139.6896	358.84442	1306.6039	99.324585	248.49936	13	0.0	4.843601	260.25903	325.3238	2	1447158365439
58	18	0.3121717	244.20099	973.3188	0.45948166	516.9299	996.42944	0.47127047	243.9143	1217.4315	516.5314	1228.1198	230.48438	1082.3939	512.7372	1079.8848	370.83044	1139.6896	358.84442	1306.6039	98.65485	245.91165	13	0.0	4.843601	260.35663	325.4458	2	1447158365440
58	18	0.3121717	244.20099	973.3188	0.45948166	516.9299	996.42944	0.47127047	243.9143	1217.4315	516.5314	1228.1198	230.48438	1082.3939	512.7372	1079.8848	370.83044	1139.6896	358.84442	1306.6039	99.3367	244.41635	13	0.0	4.843601	261.13614	326.42017	2	1447158365440
58	18	0.3121717	244.20099	973.3188	0.45948166	516.9299	996.42944	0.47127047	243.9143	1217.4315	516.5314	1228.1198	230.48438	1082.3939	512.7372	1079.8848	370.83044	1139.6896	358.84442	1306.6039	102.34161	243.6189	13	0.0	4.843601	262.25336	327.8167	2	1447158365442
58	18	0.3121717	244.20099	973.3188	0.45948166	516.9299	996.42944	0.47127047	243.9143	1217.4315	516.5314	1228.1198	230.48438	1082.3939	512.7372	1079.8848	370.83044	1139.6896	358.84442	1306.6039	105.03566	244.8617	13	0.0	4.843601	263.48633	329.3579	2	1447158365442
58	18	0.3121717	244.20099	973.3188	0.45948166	516.9299	996.42944	0.47127047	243.9143	1217.4315	516.5314	1228.1198	230.48438	1082.3939	512.7372	1079.8848	370.83044	1139.6896	358.84442	1306.6039	107.378876	248.40517	13	0.0	4.843601	264.6868	330.8585	2	1447158365443
58	18	0.3121717	244.20099	973.3188	0.45948166	516.9299	996.42944	0.47127047	243.9143	1217.4315	516.5314	1228.1198	230.48438	1082.3939	512.7372	1079.8848	370.83044	1139.6896	358.84442	1306.6039	107.72189	253.27554	13	0.0	4.843601	265.76138	332.20172	2	1447158365444
58	18	0.3121717	244.20099	973.3188	0.45948166	516.9299	996.42944	0.47127047	243.9143	1217.4315	516.5314	1228.1198	230.48438	1082.3939	512.7372	1079.8848	370.83044	1139.6896	358.84442	1306.6039	106.7325	257.7442	13	0.0	4.843601	266.661	333.32626	2	1447158365444
58	18	0.3121717	244.20099	973.3188	0.45948166	516.9299	996.42944	0.47127047	243.9143	1217.4315	516.5314	1228.1198	230.48438	1082.3939	512.7372	1079.8848	370.83044	1139.6896	358.84442	1306.6039	104.873886	262.95947	13	0.0	4.843601	267.37186	334.2148	2	1447158365445
58	18	-1.0	244.20099	973.3188	-1.0	516.9299	996.42944	-1.0	243.9143	1217.4315	516.5314	1228.1198	230.48438	1082.3939	512.7372	1079.8848	370.83044	1139.6896	358.84442	1306.6039	102.802505	265.83453	13	0.0	4.843601	267.7667	334.70837	2	1447158365446
58	18	-1.0	244.20099	973.3188	-1.0	516.9299	996.42944	-1.0	243.9143	1217.4315	516.5314	1228.1198	230.48438	1082.3939	512.7372	1079.8848	370.83044	1139.6896	358.84442	1306.6039	100.730835	268.70923	13	0.0	4.843601	268.1621	335.20264	2	1447158365447
58	18	-1.0	244.20099	973.3188	-1.0	516.9299	996.42944	-1.0	243.9143	1217.4315	516.5314	1228.1198	230.48438	1082.3939	512.7372	1079.8848	370.83044	1139.6896	358.84442	1306.6039	98.65889	271.58356	13	0.0	4.843601	268.55807	335.6976	2	1447158365447
58	18	-1.0	121.826904	1069.3162	0.71496916	358.16766	1078.387	0.9859373	118.56055	1339.5018	NA	77.04828	1211.1726	384.20728	1221.8903	221.20715	1247.7273	204.22809	1386.6669	256.17917	313.5932	14	0.0	2.1979415	259.2981	324.12262	2	1447158365448
58	18	-1.0	188.97736	1129.0602	0.95105886	487.69977	1113.4673	0.3340652	199.25568	1332.5353	NA	161.1123	1254.0187	384.20728	1221.8903	312.04028	1313.7308	204.22809	1386.6669	219.9483	317.52786	14	0.0	0.0	281.20465	351.5058	2	1447158365449
58	18	-1.0	188.97736	1129.0602	0.95105886	487.69977	1113.4673	0.3340652	199.25568	1332.5353	NA	161.1123	1254.0187	384.20728	1221.8903	312.04028	1313.7308	204.22809	1386.6669	228.42563	301.55	14	0.0	0.0	291.1214	363.90173	2	1447158365450
58	18	-1.0	188.97736	1129.0602	0.95105886	487.69977	1113.4673	0.3340652	199.25568	1332.5353	NA	161.1123	1254.0187	384.20728	1221.8903	312.04028	1313.7308	204.22809	1386.6669	227.56125	296.81207	14	0.0	0.0	292.97748	366.22186	2	1447158365451
58	18	-1.0	188.97736	1129.0602	0.95105886	487.69977	1113.4673	0.3340652	199.25568	1332.5353	NA	161.1123	1254.0187	384.20728	1221.8903	312.04028	1313.7308	204.22809	1386.6669	230.46716	293.3522	14	0.0	0.0	292.55304	365.69128	2	1447158365452
58	18	-1.0	188.97736	1129.0602	0.95105886	487.69977	1113.4673	0.3340652	199.25568	1332.5353	NA	161.1123	1254.0187	384.20728	1221.8903	312.04028	1313.7308	204.22809	1386.6669	232.4034	294.93018	14	0.0	0.0	291.2894	364.11176	2	1447158365452
58	18	-1.0	188.97736	1129.0602	0.95105886	487.69977	1113.4673	0.3340652	199.25568	1332.5353	NA	161.1123	1254.0187	384.20728	1221.8903	312.04028	1313.7308	204.22809	1386.6669	235.94423	300.59937	14	0.0	0.0	289.87247	362.34058	2	1447158365453
58	18	-1.0	188.97736	1129.0602	0.95105886	487.69977	1113.4673	0.3340652	199.25568	1332.5353	NA	161.1123	1254.0187	384.20728	1221.8903	312.04028	1313.7308	204.22809	1386.6669	237.75331	305.55817	14	0.0	0.0	288.65622	360.82028	2	1447158365454
58	18	-1.0	188.97736	1129.0602	0.95105886	487.69977	1113.4673	0.3340652	199.25568	1332.5353	NA	161.1123	1254.0187	384.20728	1221.8903	312.04028	1313.7308	204.22809	1386.6669	238.61009	311.99713	14	0.0	0.0	287.75638	359.69547	2	1447158365458
58	18	-1.0	188.97736	1129.0602	0.95105886	487.69977	1113.4673	0.3340652	199.25568	1332.5353	NA	161.1123	1254.0187	384.20728	1221.8903	312.04028	1313.7308	204.22809	1386.6669	241.00691	314.73123	14	0.0	0.0	287.15414	358.9427	2	1447158365459
58	18	-1.0	188.97736	1129.0602	0.95105886	487.69977	1113.4673	0.3340652	199.25568	1332.5353	NA	161.1123	1254.0187	384.20728	1221.8903	312.04028	1313.7308	204.22809	1386.6669	245.37038	311.63184	14	0.0	0.0	286.7839	358.4799	2	1447158365459
58	18	-1.0	188.97736	1129.0602	0.95105886	487.69977	1113.4673	0.3340652	199.25568	1332.5353	NA	161.1123	1254.0187	384.20728	1221.8903	312.04028	1313.7308	204.22809	1386.6669	248.55832	307.88782	14	0.0	0.0	286.5782	358.22272	2	1447158365460
58	18	-1.0	188.97736	1129.0602	-1.0	487.69977	1113.4673	-1.0	199.25568	1332.5353	NA	161.1123	1254.0187	384.20728	1221.8903	312.04028	1313.7308	204.22809	1386.6669	253.83937	308.6924	14	0.0	0.0	284.29044	355.36304	2	1447158365461
58	18	-1.0	188.97736	1129.0602	-1.0	487.69977	1113.4673	-1.0	199.25568	1332.5353	NA	161.1123	1254.0187	384.20728	1221.8903	312.04028	1313.7308	204.22809	1386.6669	259.1113	309.4856	14	0.0	0.0	282.02094	352.52618	2	1447158365464
58	18	-1.0	188.97736	1129.0602	-1.0	487.69977	1113.4673	-1.0	199.25568	1332.5353	NA	161.1123	1254.0187	384.20728	1221.8903	312.04028	1313.7308	204.22809	1386.6669	264.37415	310.26746	14	0.0	0.0	279.76956	349.71194	2	1447158365466
58	19	-1.0	214.29138	1148.9677	0.76672095	489.8092	1144.605	0.60153043	NA	NA	203.57721	1248.5961	NA	317.5299	1278.4675	NA	201.09097	321.17755	15	0.0	0.0	286.48083	358.10104	2	1447158395329
58	19	-1.0	193.25635	1131.5587	0.7569045	472.6023	1117.6132	0.72123426	NA	NA	130.90143	1241.5286	NA	304.6764	1248.6284	NA	217.40962	321.84348	16	0.0	0.0	280.38956	350.48694	2	1447158395330
58	19	-1.0	193.25635	1131.5587	0.7569045	472.6023	1117.6132	0.72123426	NA	NA	130.90143	1241.5286	NA	304.6764	1248.6284	NA	226.90962	308.5435	16	0.0	0.0	280.3895	350.48688	2	1447158395331
58	19	-1.0	193.25635	1131.5587	0.7569045	472.6023	1117.6132	0.72123426	NA	NA	130.90143	1241.5286	NA	304.6764	1248.6284	NA	228.51256	306.2993	16	0.0	0.0	280.38956	350.48694	2	1447158395331
58	19	-1.0	193.25635	1131.5587	0.7569045	472.6023	1117.6132	0.72123426	NA	NA	130.90143	1241.5286	NA	304.6764	1248.6284	NA	228.36324	306.5084	16	0.0	0.0	280.38956	350.48694	2	1447158395332
58	19	-1.0	193.25635	1131.5587	0.7569045	472.6023	1117.6132	0.72123426	NA	NA	130.90143	1241.5286	NA	304.6764	1248.6284	NA	227.90755	307.14633	16	0.0	0.0	280.38956	350.48694	2	1447158395332
58	19	-1.0	193.25635	1131.5587	0.7569045	472.6023	1117.6132	0.72123426	NA	NA	130.90143	1241.5286	NA	304.6764	1248.6284	NA	227.51338	307.69818	16	0.0	0.0	280.38956	350.48694	2	1447158395333
58	19	-1.0	193.25635	1131.5587	0.7569045	472.6023	1117.6132	0.72123426	NA	NA	130.90143	1241.5286	NA	304.6764	1248.6284	NA	227.24458	308.0744	16	0.0	0.0	280.38956	350.48694	2	1447158395334
58	19	-1.0	193.25635	1131.5587	0.7569045	472.6023	1117.6132	0.72123426	NA	NA	130.90143	1241.5286	NA	304.6764	1248.6284	NA	227.08372	308.29965	16	0.0	0.0	280.38956	350.48694	2	1447158395335
58	19	-1.0	193.25635	1131.5587	0.7569045	472.6023	1117.6132	0.72123426	NA	NA	130.90143	1241.5286	NA	304.6764	1248.6284	NA	226.99992	308.41687	16	0.0	0.0	280.38956	350.48694	2	1447158395341
58	19	-1.0	173.896	1102.2579	0.6617322	472.6023	1117.6132	-1.0	NA	NA	142.1471	1211.8956	NA	283.96057	1223.7059	NA	230.51465	312.74408	16	0.0	0.0	273.41028	341.76285	2	1447158395341
58	19	-1.0	173.896	1102.2579	0.6617322	472.6023	1117.6132	-1.0	NA	NA	142.1471	1211.8956	NA	283.96057	1223.7059	NA	231.79315	314.37756	16	0.0	0.0	270.82648	338.53308	2	1447158395343
58	19	-1.0	173.896	1102.2579	0.6617322	472.6023	1117.6132	-1.0	NA	NA	142.1471	1211.8956	NA	283.96057	1223.7059	NA	232.23845	314.91095	16	0.0	0.0	269.95334	337.44168	2	1447158395343
58	19	-1.0	173.896	1102.2579	0.6617322	472.6023	1117.6132	-1.0	NA	NA	142.1471	1211.8956	NA	283.96057	1223.7059	NA	232.32149	314.9437	16	0.0	0.0	269.84097	337.3012	2	1447158395344
58	19	-1.0	173.896	1102.2579	0.6617322	472.6023	1117.6132	-1.0	NA	NA	142.1471	1211.8956	NA	283.96057	1223.7059	NA	232.26106	314.77655	16	0.0	0.0	270.03098	337.53873	2	1447158395345
58	19	-1.0	173.896	1102.2579	0.6617322	472.6023	1117.6132	-1.0	NA	NA	142.1471	1211.8956	NA	283.96057	1223.7059	NA	232.15923	314.5542	16	0.0	0.0	270.30637	337.88297	2	1447158395345
58	19	-1.0	173.896	1102.2579	0.6617322	472.6023	1117.6132	-1.0	NA	NA	142.1471	1211.8956	NA	283.96057	1223.7059	NA	232.06	314.3394	16	0.0	0.0	270.57343	338.2168	2	1447158395346
58	19	-1.0	173.896	1102.2579	0.6617322	472.6023	1117.6132	-1.0	NA	NA	142.1471	1211.8956	NA	283.96057	1223.7059	NA	231.97937	314.15485	16	0.0	0.0	270.79773	338.49716	2	1447158395347
58	19	-1.0	173.896	1102.2579	0.6617322	472.6023	1117.6132	-1.0	NA	NA	142.1471	1211.8956	NA	283.96057	1223.7059	NA	231.9212	314.00577	16	0.0	0.0	270.97186	338.71484	2	1447158395347
58	19	-1.0	173.896	1102.2579	0.6617322	472.6023	1117.6132	-1.0	NA	NA	142.1471	1211.8956	NA	283.96057	1223.7059	NA	231.88373	313.88995	16	0.0	0.0	271.099	338.87375	2	1447158395348
58	19	-1.0	173.896	1102.2579	0.6617322	472.6023	1117.6132	-1.0	NA	NA	142.1471	1211.8956	NA	283.96057	1223.7059	NA	231.86371	313.80273	16	0.0	0.0	271.1861	338.9826	2	1447158395349
58	19	-1.0	173.896	1102.2579	0.6617322	472.6023	1117.6132	-1.0	NA	NA	142.1471	1211.8956	NA	283.96057	1223.7059	NA	231.85686	313.7386	16	0.0	0.0	271.2415	339.05185	2	1447158395349
58	19	-1.0	173.896	1102.2579	0.6617322	472.6023	1117.6132	-1.0	NA	NA	142.1471	1211.8956	NA	283.96057	1223.7059	NA	231.8599	313.6928	16	0.0	0.0	271.27283	339.09103	2	1447158395350
58	19	-1.0	173.896	1102.2579	0.6617322	472.6023	1117.6132	-1.0	NA	NA	142.1471	1211.8956	NA	283.96057	1223.7059	NA	231.86958	313.66125	16	0.0	0.0	271.2864	339.108	2	1447158395351
58	19	-1.0	173.896	1102.2579	0.6617322	472.6023	1117.6132	-1.0	NA	NA	142.1471	1211.8956	NA	283.96057	1223.7059	NA	231.88344	313.64056	16	0.0	0.0	271.28745	339.1093	2	1447158395351
58	19	-1.0	173.896	1102.2579	0.6617322	472.6023	1117.6132	-1.0	NA	NA	142.1471	1211.8956	NA	283.96057	1223.7059	NA	231.89948	313.62756	16	0.0	0.0	271.28015	339.1002	2	1447158395352
58	19	-1.0	173.896	1102.2579	0.6617322	472.6023	1117.6132	-1.0	NA	NA	142.1471	1211.8956	NA	283.96057	1223.7059	NA	231.91637	313.62018	16	0.0	0.0	271.26785	339.0848	2	1447158395353
58	19	-1.0	173.896	1102.2579	0.6617322	472.6023	1117.6132	-1.0	NA	NA	142.1471	1211.8956	NA	283.96057	1223.7059	NA	231.9332	313.61682	16	0.0	0.0	271.25256	339.0657	2	1447158395353
58	19	-1.0	173.896	1102.2579	0.6617322	472.6023	1117.6132	-1.0	NA	NA	142.1471	1211.8956	NA	283.96057	1223.7059	NA	231.94919	313.6162	16	0.0	0.0	271.2362	339.04526	2	1447158395354
58	19	-1.0	173.896	1102.2579	0.6617322	472.6023	1117.6132	-1.0	NA	NA	142.1471	1211.8956	NA	283.96057	1223.7059	NA	231.96411	313.61743	16	0.0	0.0	271.21967	339.0246	2	1447158395355
58	19	-1.0	173.896	1102.2579	0.6617322	472.6023	1117.6132	-1.0	NA	NA	142.1471	1211.8956	NA	283.96057	1223.7059	NA	231.97752	313.61963	16	0.0	0.0	271.2039	339.00485	2	1447158395355
58	19	-1.0	173.896	1102.2579	0.6617322	472.6023	1117.6132	-1.0	NA	NA	142.1471	1211.8956	NA	283.96057	1223.7059	NA	231.9893	313.62228	16	0.0	0.0	271.18936	338.9867	2	1447158395356
58	19	-1.0	173.896	1102.2579	0.6617322	472.6023	1117.6132	-1.0	NA	NA	142.1471	1211.8956	NA	283.96057	1223.7059	NA	231.99956	313.62515	16	0.0	0.0	271.17642	338.97052	2	1447158395357
58	19	-1.0	173.896	1102.2579	0.6617322	472.6023	1117.6132	-1.0	NA	NA	142.1471	1211.8956	NA	283.96057	1223.7059	NA	232.0085	313.62805	16	0.0	0.0	271.16458	338.95572	2	1447158395357
58	19	-1.0	173.896	1102.2579	0.6617322	472.6023	1117.6132	-1.0	NA	NA	142.1471	1211.8956	NA	283.96057	1223.7059	NA	232.0162	313.6308	16	0.0	0.0	271.15442	338.94302	2	1447158395358
58	19	-1.0	173.896	1102.2579	0.6617322	472.6023	1117.6132	-1.0	NA	NA	142.1471	1211.8956	NA	283.96057	1223.7059	NA	232.02269	313.63336	16	0.0	0.0	271.1456	338.932	2	1447158395359
58	19	-1.0	173.896	1102.2579	0.6617322	472.6023	1117.6132	-1.0	NA	NA	142.1471	1211.8956	NA	283.96057	1223.7059	NA	232.02826	313.63577	16	0.0	0.0	271.138	338.9225	2	1447158395359
58	19	-1.0	173.896	1102.2579	0.6617322	472.6023	1117.6132	-1.0	NA	NA	142.1471	1211.8956	NA	283.96057	1223.7059	NA	232.0328	313.63782	16	0.0	0.0	271.13147	338.91434	2	1447158395360
58	19	-1.0	173.896	1102.2579	0.6617322	472.6023	1117.6132	-1.0	NA	NA	142.1471	1211.8956	NA	283.96057	1223.7059	NA	232.03674	313.63977	16	0.0	0.0	271.1261	338.90762	2	1447158395361
58	19	-1.0	173.896	1102.2579	0.6617322	472.6023	1117.6132	-1.0	NA	NA	142.1471	1211.8956	NA	283.96057	1223.7059	NA	230.29619	311.89746	16	0.0	0.0	271.1215	338.90186	2	1447158395361
58	19	-1.0	173.896	1102.2579	0.6617322	472.6023	1117.6132	-1.0	NA	NA	142.1471	1211.8956	NA	283.96057	1223.7059	NA	227.60696	309.207	16	0.0	0.0	271.11768	338.8971	2	1447158395362
58	19	-1.0	173.896	1102.2579	0.6617322	472.6023	1117.6132	-1.0	NA	NA	142.1471	1211.8956	NA	283.96057	1223.7059	NA	223.28574	306.04572	16	0.0	0.0	271.11462	338.89328	2	1447158395363
58	19	-1.0	173.896	1102.2579	0.6617322	472.6023	1117.6132	-1.0	NA	NA	142.1471	1211.8956	NA	283.96057	1223.7059	NA	218.13791	302.6901	16	0.0	0.0	271.112	338.89	2	1447158395363
58	19	-1.0	173.896	1102.2579	0.6617322	472.6023	1117.6132	-1.0	NA	NA	142.1471	1211.8956	NA	283.96057	1223.7059	NA	212.63336	298.13272	16	0.0	0.0	271.10986	338.88733	2	1447158395364
58	19	-1.0	173.896	1102.2579	0.6617322	472.6023	1117.6132	-1.0	NA	NA	142.1471	1211.8956	NA	283.96057	1223.7059	NA	207.03308	294.13663	16	0.0	0.0	271.10822	338.88525	2	1447158395365
58	19	-1.0	173.896	1102.2579	0.6617322	472.6023	1117.6132	-1.0	NA	NA	142.1471	1211.8956	NA	283.96057	1223.7059	NA	199.73311	290.52487	16	0.0	0.0	271.10684	338.88354	2	1447158395366
58	19	-1.0	244.3523	1048.0529	0.61430377	528.6686	1052.899	0.7751815	NA	NA	218.55164	1176.5659	NA	361.96692	1187.6948	NA	186.07024	278.02396	16	0.0	0.9765191	285.6622	357.07776	2	1447158395366
58	19	-1.0	244.3523	1048.0529	0.61430377	528.6686	1052.899	0.7751815	NA	NA	218.55164	1176.5659	NA	361.96692	1187.6948	NA	173.835	268.95935	16	0.0	0.9765191	295.0579	368.82236	2	1447158395369
58	19	-1.0	244.3523	1048.0529	0.61430377	528.6686	1052.899	0.7751815	NA	NA	218.55164	1176.5659	NA	361.96692	1187.6948	NA	161.47212	262.7251	16	0.0	0.9765191	300.12936	375.1617	2	1447158395373
58	19	-1.0	244.3523	1048.0529	0.61430377	528.6686	1052.899	0.7751815	NA	NA	218.55164	1176.5659	NA	361.96692	1187.6948	NA	147.61182	258.31213	16	0.0	0.9765191	302.39673	377.9959	2	1447158395374
58	19	-1.0	244.3523	1048.0529	0.61430377	528.6686	1052.899	0.7751815	NA	NA	218.55164	1176.5659	NA	361.96692	1187.6948	NA	131.9438	254.94565	16	0.0	0.9765191	303.04825	378.8103	2	1447158395375
58	19	-1.0	244.3523	1048.0529	-1.0	528.6686	1052.899	-1.0	NA	NA	218.55164	1176.5659	NA	361.96692	1187.6948	NA	117.12717	248.02667	16	0.0	0.9765191	307.99054	384.98816	2	1447158395375
58	19	-1.0	244.3523	1048.0529	-1.0	528.6686	1052.899	-1.0	NA	NA	218.55164	1176.5659	NA	361.96692	1187.6948	NA	102.27023	241.05731	16	0.0	0.9765191	313.01343	391.26678	2	1447158395376
58	19	-1.0	244.3523	1048.0529	-1.0	528.6686	1052.899	-1.0	NA	NA	218.55164	1176.5659	NA	361.96692	1187.6948	NA	87.372314	234.03674	16	0.0	0.9765191	318.11826	397.64783	2	1447158395377
58	19	-1.0	237.85077	1080.3926	0.75581706	531.74414	1074.3804	0.71501726	NA	NA	NA	NA	NA	NA	157.91272	266.50183	17	0.0	-1.1719273	320.12415	400.15518	2	1447158395377
58	19	-1.0	246.73145	1068.7988	0.9295137	NA	-1.0	NA	NA	243.21655	1182.4788	NA	350.92145	1231.9615	NA	193.32318	304.8819	18	0.0	0.39235812	266.0343	332.54288	2	1447158395378
58	19	-1.0	238.15442	1071.57	0.75593215	521.1654	1080.3317	0.860092	249.51117	1277.579	NA	208.8927	1196.1716	544.73865	1222.5378	343.8051	1201.6106	NA	151.5946	268.91833	19	0.0	6.143157	323.27356	404.09195	2	1447158395379
58	19	0.70942825	205.05206	1035.0835	0.81373394	503.28192	1000.3568	0.44630423	198.41522	1311.2086	487.8236	1324.1681	165.83582	1163.0479	526.1933	1181.5214	334.0265	1197.2002	351.92047	1393.8965	178.15964	245.15515	20	0.0	-6.6417637	324.49835	405.62292	2	1447158395379
58	19	-1.0	219.86151	1059.8708	0.814552	524.4161	1055.748	0.92296314	221.70728	1346.0009	487.8236	1324.1681	181.10034	1192.8424	542.7897	1206.9597	381.36957	1212.137	343.93774	1396.8362	174.67812	266.82904	20	0.0	-0.77556586	312.46457	390.58072	2	1447158395380
58	19	-1.0	219.86151	1059.8708	0.814552	524.4161	1055.748	0.92296314	221.70728	1346.0009	487.8236	1324.1681	174.35034	1192.8424	542.7897	1206.9597	381.36957	1212.137	343.93774	1396.8362	179.63335	281.11505	20	0.0	-0.77556586	310.6719	388.33987	2	1447158395381
58	19	-1.0	219.86151	1059.8708	0.814552	524.4161	1055.748	0.92296314	221.70728	1346.0009	487.8236	1324.1681	174.35034	1192.8424	542.7897	1206.9597	381.36957	1212.137	343.93774	1396.8362	178.23605	285.5791	20	0.0	-0.77556586	310.9314	388.66425	2	1447158395382
58	19	-1.0	219.86151	1059.8708	0.814552	524.4161	1055.748	0.92296314	221.70728	1346.0009	487.8236	1324.1681	174.35034	1192.8424	542.7897	1206.9597	381.36957	1212.137	343.93774	1396.8362	177.73471	285.27234	20	0.0	-0.77556586	311.48242	389.35303	2	1447158395382
58	19	-1.0	219.86151	1059.8708	0.814552	524.4161	1055.748	0.92296314	221.70728	1346.0009	487.8236	1324.1681	174.35034	1192.8424	542.7897	1206.9597	381.36957	1212.137	343.93774	1396.8362	177.55882	284.0482	20	0.0	-0.77556586	311.93027	389.91284	2	1447158395383
58	19	-1.0	219.86151	1059.8708	0.814552	524.4161	1055.748	0.92296314	221.70728	1346.0009	487.8236	1324.1681	174.35034	1192.8424	542.7897	1206.9597	381.36957	1212.137	343.93774	1396.8362	177.50504	282.9391	20	0.0	-0.77556586	312.2248	390.281	2	1447158395384
58	19	-1.0	219.86151	1059.8708	0.814552	524.4161	1055.748	0.92296314	221.70728	1346.0009	487.8236	1324.1681	174.35034	1192.8424	542.7897	1206.9597	381.36957	1212.137	343.93774	1396.8362	177.49641	282.15204	20	0.0	-0.77556586	312.39444	390.49304	2	1447158395385
58	19	-1.0	219.86151	1059.8708	0.814552	524.4161	1055.748	0.92296314	221.70728	1346.0009	487.8236	1324.1681	174.35034	1192.8424	542.7897	1206.9597	381.36957	1212.137	343.93774	1396.8362	177.5026	281.6636	20	0.0	-0.77556586	312.47687	390.59607	2	1447158395386
58	19	-1.0	219.86151	1059.8708	0.814552	524.4161	1055.748	0.92296314	221.70728	1346.0009	487.8236	1324.1681	174.35034	1192.8424	542.7897	1206.9597	381.36957	1212.137	343.93774	1396.8362	177.51218	281.40204	20	0.0	-0.77556586	312.5022	390.62775	2	1447158395387
58	19	-1.0	219.86151	1059.8708	0.814552	524.4161	1055.748	0.92296314	221.70728	1346.0009	487.8236	1324.1681	174.35034	1192.8424	542.7897	1206.9597	381.36957	1212.137	343.93774	1396.8362	177.521	281.29822	20	0.0	-0.77556586	312.4922	390.61523	2	1447158395387
58	19	-1.0	219.86151	1059.8708	0.814552	524.4161	1055.748	0.92296314	221.70728	1346.0009	487.8236	1324.1681	174.35034	1192.8424	542.7897	1206.9597	381.36957	1212.137	343.93774	1396.8362	177.52765	281.29788	20	0.0	-0.77556586	312.46143	390.57678	2	1447158395389
58	19	-1.0	219.86151	1059.8708	0.814552	524.4161	1055.748	0.92296314	221.70728	1346.0009	487.8236	1324.1681	174.35034	1192.8424	542.7897	1206.9597	381.36957	1212.137	343.93774	1396.8362	177.53214	281.3617	20	0.0	-0.77556586	312.4198	390.52475	2	1447158395390
58	19	-1.0	219.86151	1059.8708	0.814552	524.4161	1055.748	0.92296314	221.70728	1346.0009	487.8236	1324.1681	174.35034	1192.8424	542.7897	1206.9597	381.36957	1212.137	343.93774	1396.8362	177.53497	281.4624	20	0.0	-0.77556586	312.37347	390.46686	2	1447158395390
58	19	-1.0	219.86151	1059.8708	0.814552	524.4161	1055.748	0.92296314	221.70728	1346.0009	487.8236	1324.1681	174.35034	1192.8424	542.7897	1206.9597	381.36957	1212.137	343.93774	1396.8362	177.53642	281.58136	20	0.0	-0.77556586	312.32663	390.4083	2	1447158395394
58	19	-1.0	219.86151	1059.8708	0.814552	524.4161	1055.748	0.92296314	221.70728	1346.0009	487.8236	1324.1681	174.35034	1192.8424	542.7897	1206.9597	381.36957	1212.137	343.93774	1396.8362	177.53677	281.70648	20	0.0	-0.77556586	312.28137	390.3517	2	1447158395394
58	19	-1.0	219.86151	1059.8708	0.814552	524.4161	1055.748	0.92296314	221.70728	1346.0009	487.8236	1324.1681	174.35034	1192.8424	542.7897	1206.9597	381.36957	1212.137	343.93774	1396.8362	177.53639	281.82996	20	0.0	-0.77556586	312.23904	390.2988	2	1447158395395
58	19	-1.0	219.86151	1059.8708	0.814552	524.4161	1055.748	0.92296314	221.70728	1346.0009	487.8236	1324.1681	174.35034	1192.8424	542.7897	1206.9597	381.36957	1212.137	343.93774	1396.8362	177.53566	281.9469	20	0.0	-0.77556586	312.2007	390.2509	2	1447158395397
58	19	-1.0	219.86151	1059.8708	0.814552	524.4161	1055.748	0.92296314	221.70728	1346.0009	487.8236	1324.1681	174.35034	1192.8424	542.7897	1206.9597	381.36957	1212.137	343.93774	1396.8362	177.53479	282.05518	20	0.0	-0.77556586	312.1659	390.20737	2	1447158395398
58	19	-1.0	219.86151	1059.8708	0.814552	524.4161	1055.748	0.92296314	221.70728	1346.0009	487.8236	1324.1681	174.35034	1192.8424	542.7897	1206.9597	381.36957	1212.137	343.93774	1396.8362	177.5337	282.15326	20	0.0	-0.77556586	312.13498	390.16873	2	1447158395398
58	19	-1.0	219.86151	1059.8708	-1.0	524.4161	1055.748	-1.0	221.70728	1346.0009	487.8236	1324.1681	174.35034	1192.8424	542.7897	1206.9597	381.36957	1212.137	343.93774	1396.8362	177.54665	281.4411	20	0.0	-0.77556586	312.34256	390.4282	2	1447158395400
58	19	-1.0	219.86151	1059.8708	-1.0	524.4161	1055.748	-1.0	221.70728	1346.0009	487.8236	1324.1681	174.35034	1192.8424	542.7897	1206.9597	381.36957	1212.137	343.93774	1396.8362	177.55951	280.72882	20	0.0	-0.77556586	312.5503	390.68787	2	1447158395405
58	19	-1.0	219.86151	1059.8708	-1.0	524.4161	1055.748	-1.0	221.70728	1346.0009	487.8236	1324.1681	174.35034	1192.8424	542.7897	1206.9597	381.36957	1212.137	343.93774	1396.8362	177.57231	280.01648	20	0.0	-0.77556586	312.75815	390.9477	2	1447158395406
58	20	-1.0	210.09998	1126.0735	0.83662724	479.26935	1105.7003	0.6924682	208.19305	1361.9739	NA	173.2121	1238.902	NA	NA	NA	205.6233	309.42432	21	0.0	0.0	278.84006	348.55008	3	1447158428636
58	20	-1.0	224.28546	1105.6632	0.67325705	503.5923	1096.7034	0.9864549	NA	NA	183.7265	1216.3223	NA	317.75085	1269.5656	NA	181.25987	290.75748	22	0.0	-1.8373648	304.39902	380.49878	3	1447158428637
58	20	-1.0	222.47736	1112.4862	0.83372194	522.2584	1101.5803	0.9161195	243.01416	1308.1632	NA	201.41937	1220.2583	NA	317.75085	1269.5656	NA	170.91696	283.63992	22	0.0	-2.0834796	317.8694	397.33673	3	1447158428639
58	20	-1.0	222.47736	1112.4862	0.83372194	522.2584	1103.8303	0.9161195	243.01416	1308.1632	NA	201.41937	1220.2583	NA	317.75085	1269.5656	NA	168.74301	284.82593	22	0.0	-2.0834796	320.72632	400.9079	3	1447158428641
58	20	-1.0	222.47736	1114.7362	0.83372194	524.5084	1106.0803	0.9161195	243.01416	1308.1632	NA	201.41937	1220.2583	NA	317.75085	1269.5656	NA	168.73909	285.45844	22	0.0	-2.0834796	320.7316	400.9145	3	1447158428642
58	20	-1.0	222.47736	1114.7362	0.83372194	524.5084	1106.0803	0.9161195	243.01416	1308.1632	NA	201.41937	1220.2583	NA	317.75085	1269.5656	NA	169.23956	285.85623	22	0.0	-2.0834796	320.07318	400.0915	3	1447158428644
58	20	-1.0	222.47736	1114.7362	0.83372194	524.5084	1106.0803	0.9161195	243.01416	1308.1632	NA	201.41937	1220.2583	NA	317.75085	1269.5656	NA	169.74585	286.0979	22	0.0	-2.0834796	319.4073	399.2591	3	1447158428645
58	20	-1.0	222.47736	1114.7362	0.83372194	524.5084	1106.0803	0.9161195	243.01416	1308.1632	NA	201.41937	1220.2583	NA	317.75085	1269.5656	NA	170.1217	286.23196	22	0.0	-2.0834796	318.9134	398.64172	3	1447158428647
58	20	-1.0	222.47736	1114.7362	0.83372194	524.5084	1108.3303	0.9161195	243.01416	1308.1632	NA	201.41937	1220.2583	NA	317.75085	1269.5656	NA	170.36351	288.5318	22	0.0	-2.0834796	318.59586	398.2448	3	1447158428648
58	20	-1.0	225.69171	1126.5635	0.70319295	517.08655	1111.1625	0.986398	227.69916	1346.9094	NA	178.66809	1245.4224	568.8401	1255.562	317.75085	1269.5656	NA	165.36568	284.27704	22	0.0	0.0	322.3882	402.98526	3	1447158428649
58	20	-1.0	225.69171	1115.3135	0.70319295	517.08655	1099.9125	0.986398	227.69916	1346.9094	NA	178.66809	1231.9224	568.8401	1255.562	317.75085	1269.5656	NA	162.695	281.8319	22	0.0	0.0	324.46564	405.58203	3	1447158428650
58	20	-1.0	225.69171	1122.0635	0.70319295	517.08655	1106.6625	0.986398	227.69916	1346.9094	NA	178.66809	1231.9224	568.8401	1255.562	317.75085	1269.5656	NA	161.64961	282.79633	22	0.0	0.0	325.2905	406.61313	3	1447158428650
58	20	-1.0	225.69171	1124.3135	0.70319295	517.08655	1108.9125	0.986398	227.69916	1346.9094	NA	180.91809	1231.9224	568.8401	1255.562	317.75085	1269.5656	NA	161.37947	283.37915	22	0.0	0.0	325.51022	406.8878	3	1447158428651
58	20	-1.0	225.69171	1119.8135	0.70319295	517.08655	1104.4125	0.986398	227.69916	1346.9094	NA	180.91809	1231.9224	568.8401	1255.562	317.75085	1269.5656	NA	161.44153	281.7991	22	0.0	0.0	325.47223	406.84027	3	1447158428652
58	20	-1.0	223.44171	1117.5635	0.70319295	514.83655	1102.1625	0.986398	227.69916	1346.9094	NA	180.91809	1231.9224	568.8401	1255.562	317.75085	1269.5656	NA	163.52515	281.0713	22	0.0	0.0	325.34296	406.6787	3	1447158428653
58	20	-1.0	214.44171	1117.5635	0.70319295	514.83655	1102.1625	0.986398	227.69916	1346.9094	NA	180.91809	1231.9224	568.8401	1255.562	317.75085	1269.5656	NA	168.42325	278.91034	22	0.0	0.0	325.19977	406.4997	3	1447158428655
58	20	-1.0	214.44171	1117.5635	0.70319295	514.83655	1102.1625	0.986398	227.69916	1346.9094	NA	180.91809	1231.9224	568.8401	1255.562	317.75085	1269.5656	NA	176.48077	276.0448	22	0.0	0.0	325.07666	406.34583	3	1447158428656
58	20	-1.0	214.44171	1117.5635	0.70319295	514.83655	1102.1625	0.986398	227.69916	1346.9094	NA	180.91809	1231.9224	568.8401	1255.562	317.75085	1269.5656	NA	178.64351	272.8661	22	0.0	0.0	324.98508	406.23135	3	1447158428657
58	20	-1.0	214.44171	1117.5635	0.70319295	514.83655	1102.1625	0.986398	227.69916	1346.9094	NA	180.91809	1231.9224	568.8401	1255.562	317.75085	1269.5656	NA	177.61499	273.2166	22	0.0	0.0	324.92548	406.15686	3	1447158428658
58	20	-1.0	214.44171	1117.5635	0.70319295	514.83655	1102.1625	0.986398	227.69916	1346.9094	NA	180.91809	1231.9224	568.8401	1255.562	317.75085	1269.5656	NA	174.94353	275.42773	22	0.0	0.0	324.89352	406.1169	3	1447158428659
58	20	-1.0	214.44171	1117.5635	0.70319295	514.83655	1102.1625	0.986398	227.69916	1346.9094	NA	180.91809	1231.9224	568.8401	1255.562	317.75085	1269.5656	NA	171.50227	278.55078	22	0.0	0.0	324.88327	406.1041	3	1447158428659
58	20	-1.0	214.44171	1117.5635	0.70319295	514.83655	1102.1625	0.986398	227.69916	1346.9094	NA	180.91809	1231.9224	568.8401	1255.562	317.75085	1269.5656	NA	167.76894	282.0595	22	0.0	0.0	324.889	406.11127	3	1447158428660
58	20	-1.0	214.44171	1117.5635	0.70319295	514.83655	1102.1625	0.986398	227.69916	1346.9094	NA	180.91809	1231.9224	568.8401	1255.562	317.75085	1269.5656	NA	165.76018	283.9065	22	0.0	0.0	324.90555	406.13193	3	1447158428661
58	20	-1.0	221.70807	1103.0857	0.5980711	480.20197	1090.3307	0.92912406	211.7641	1350.7322	NA	198.32153	1225.1895	526.6974	1216.0588	NA	NA	210.87592	324.29138	23	0.0	0.0	265.16064	331.4508	3	1447158428662
58	20	-1.0	221.70807	1103.0857	0.5980711	480.20197	1090.3307	0.92912406	202.7641	1343.9822	NA	198.32153	1225.1895	515.4474	1189.0588	NA	NA	218.47594	311.94144	23	0.0	0.0	265.16055	331.45068	3	1447158428663
58	20	-1.0	221.70807	1103.0857	0.5980711	480.20197	1090.3307	0.92912406	202.7641	1343.9822	NA	198.32153	1225.1895	513.1974	1184.5588	NA	NA	219.75821	309.85748	23	0.0	0.0	265.16058	331.45074	3	1447158428663
58	20	-1.0	221.70807	1103.0857	0.5980711	480.20197	1090.3307	0.92912406	202.7641	1343.9822	NA	198.32153	1225.1895	513.1974	1184.5588	NA	NA	215.28842	310.05164	23	0.0	0.0	265.16064	331.4508	3	1447158428664
58	20	-1.0	221.70807	1103.0857	0.5980711	480.20197	1090.3307	0.92912406	202.7641	1343.9822	NA	198.32153	1225.1895	513.1974	1184.5588	NA	NA	213.76242	310.64392	23	0.0	0.0	265.16064	331.4508	3	1447158428665
58	20	-1.0	221.70807	1103.0857	0.5980711	480.20197	1090.3307	0.92912406	202.7641	1343.9822	NA	198.32153	1225.1895	513.1974	1184.5588	NA	NA	213.30576	311.15637	23	0.0	0.0	265.16064	331.4508	3	1447158428666
58	20	-1.0	221.70807	1103.0857	0.5980711	480.20197	1090.3307	0.92912406	202.7641	1343.9822	NA	198.32153	1225.1895	513.1974	1184.5588	NA	NA	213.24222	311.50577	23	0.0	0.0	265.16064	331.4508	3	1447158428667
58	20	-1.0	221.70807	1103.0857	0.5980711	480.20197	1090.3307	0.92912406	202.7641	1343.9822	NA	198.32153	1225.1895	513.1974	1184.5588	NA	NA	213.3114	311.71494	23	0.0	0.0	265.16064	331.4508	3	1447158428667
58	20	-1.0	221.70807	1103.0857	0.5980711	480.20197	1090.3307	0.92912406	202.7641	1343.9822	NA	198.32153	1225.1895	513.1974	1184.5588	NA	NA	213.41325	309.63477	23	0.0	0.0	265.16068	331.45084	3	1447158428668
58	20	-1.0	221.70807	1103.0857	0.5980711	480.20197	1090.3307	0.92912406	202.7641	1343.9822	NA	198.32153	1225.1895	513.1974	1184.5588	NA	NA	215.64317	308.77972	23	0.0	0.0	265.16068	331.45084	3	1447158428670
58	20	-1.0	221.70807	1103.0857	0.5980711	480.20197	1090.3307	0.92912406	202.7641	1343.9822	NA	198.32153	1225.1895	513.1974	1184.5588	NA	NA	216.63878	308.4762	23	0.0	0.0	265.16068	331.45084	3	1447158428672
58	20	-1.0	221.70807	1103.0857	0.5980711	480.20197	1090.3307	0.92912406	202.7641	1343.9822	NA	198.32153	1225.1895	513.1974	1184.5588	NA	NA	217.03572	308.40924	23	0.0	0.0	265.16068	331.45084	3	1447158428672
58	20	-1.0	221.70807	1103.0857	0.5980711	480.20197	1090.3307	0.92912406	202.7641	1343.9822	NA	198.32153	1225.1895	513.1974	1184.5588	NA	NA	217.15053	308.43237	23	0.0	0.0	265.16068	331.45084	3	1447158428673
58	20	-1.0	221.70807	1103.0857	0.5980711	480.20197	1090.3307	0.92912406	202.7641	1343.9822	NA	198.32153	1225.1895	513.1974	1184.5588	NA	NA	217.14049	308.4796	23	0.0	0.0	265.16068	331.45084	3	1447158428675
58	20	-1.0	221.70807	1103.0857	0.5980711	480.20197	1090.3307	0.92912406	202.7641	1343.9822	NA	198.32153	1225.1895	513.1974	1184.5588	NA	NA	219.01671	310.45673	23	0.0	0.0	265.16068	331.45084	3	1447158428676
58	20	-1.0	221.70807	1103.0857	0.5980711	480.20197	1090.3307	0.92912406	202.7641	1343.9822	NA	198.32153	1225.1895	513.1974	1184.5588	NA	NA	223.07048	316.5155	23	0.0	0.0	265.16068	331.45084	3	1447158428677
58	20	-1.0	242.23242	1067.0568	0.74771893	529.7312	1044.7106	0.5334184	243.64063	1231.9774	NA	204.79004	1183.3102	555.9253	1197.3373	350.66925	1210.5718	NA	151.62288	248.05133	24	0.0	0.0	330.77774	413.47217	3	1447158428677
58	20	-1.0	196.48657	1128.1302	0.895482	521.48804	1121.1711	0.7229417	NA	NA	162.68268	1238.44	NA	341.60168	1317.6655	NA	100.90765	208.54242	25	0.0	0.0	430.53882	538.1735	3	1447158428678
58	20	-1.0	196.48657	1128.1302	0.895482	492.23804	1127.9211	0.7229417	NA	NA	162.68268	1238.44	NA	341.60168	1317.6655	NA	124.65776	204.74252	25	0.0	0.0	430.5386	538.1733	3	1447158428679
58	20	-1.0	196.48657	1128.1302	0.895482	494.48804	1139.1711	0.7229417	NA	NA	162.68268	1238.44	NA	341.60168	1317.6655	NA	128.66512	207.74835	25	0.0	0.0	430.53854	538.17316	3	1447158428680
58	20	-1.0	196.48657	1128.1302	0.895482	496.73804	1148.1711	0.7229417	NA	NA	162.68268	1238.44	NA	341.60168	1317.6655	NA	128.29163	211.21445	25	0.0	0.0	430.53882	538.1735	3	1447158428681
58	20	-1.0	196.48657	1128.1302	0.895482	498.98804	1150.4211	0.7229417	NA	NA	162.68268	1238.44	NA	341.60168	1317.6655	NA	127.15253	212.1177	25	0.0	0.0	430.53882	538.1735	3	1447158428682
58	20	-1.0	196.48657	1128.1302	0.895482	501.23804	1150.4211	0.7229417	NA	NA	162.68268	1238.44	NA	341.60168	1317.6655	NA	126.16705	212.20267	25	0.0	0.0	430.53882	538.1735	3	1447158428682
58	20	-1.0	196.48657	1128.1302	0.895482	503.48804	1157.1711	0.7229417	NA	NA	162.68268	1238.44	NA	341.60168	1317.6655	NA	125.49515	212.05646	25	0.0	0.0	430.53882	538.1735	3	1447158428683
58	20	-1.0	196.48657	1128.1302	0.895482	501.23804	1157.1711	0.7229417	NA	NA	162.68268	1238.44	NA	341.60168	1317.6655	NA	125.09299	211.87741	25	0.0	0.0	430.53882	538.1735	3	1447158428684
58	20	-1.0	196.48657	1128.1302	0.895482	498.98804	1159.4211	0.7229417	NA	NA	162.68268	1238.44	NA	341.60168	1317.6655	NA	124.88376	211.72543	25	0.0	0.0	430.53882	538.1735	3	1447158428684
58	20	-1.0	196.48657	1128.1302	0.895482	496.73804	1159.4211	0.7229417	NA	NA	162.68268	1238.44	NA	341.60168	1317.6655	NA	124.802155	211.61221	25	0.0	0.0	430.53882	538.1735	3	1447158428685
58	20	-1.0	196.48657	1128.1302	0.895482	496.73804	1159.4211	0.7229417	NA	NA	162.68268	1238.44	NA	341.60168	1317.6655	NA	124.801025	211.53424	25	0.0	0.0	430.53882	538.1735	3	1447158428686
58	20	-1.0	196.48657	1128.1302	0.895482	489.98804	1157.1711	0.7229417	NA	NA	162.68268	1238.44	NA	341.60168	1317.6655	NA	127.56357	211.48389	25	0.0	0.0	430.53882	538.1735	3	1447158428686
58	20	-1.0	196.48657	1128.1302	0.895482	483.23804	1154.9211	0.7229417	NA	NA	162.68268	1238.44	NA	341.60168	1317.6655	NA	130.20981	211.45383	25	0.0	0.0	430.53882	538.1735	3	1447158428689
58	20	-1.0	196.48657	1128.1302	0.895482	471.98804	1148.1711	0.7229417	NA	NA	162.68268	1238.44	NA	341.60168	1317.6655	NA	132.7232	211.4383	25	0.0	0.0	430.53882	538.1735	3	1447158428692
